keyword,label
plan,action
implement,action
assign,action
complete,action
review,action
prepare,action
analyze,action
design,action
deploy,action
fix,action
update,action
develop,action
execute,action
create,action
resolve,action
organize,action
communicate,action
manage,action
build,action
coordinate,action
construct,action
test,action
debug,action
optimize,action
schedule,action
summarize,action
monitor,action
improve,action
train,action
document,action
allocate,action
deliver,action
assist,action
lead,action
direct,action
execute,action
arrange,action
evaluate,action
inspect,action
maintain,action
support,action
distribute,action
calculate,action
install,action
recheck,action
record,action
edit,action
compile,action
draft,action
adjust,action
assemble,action
integrate,action
enhance,action
automate,action
upgrade,action
verify,action
generate,action
translate,action
illustrate,action
perform,action
supply,action
transfer,action
rebuild,action
analyze,action
write,action
connect,action
prepare,action
organize,action
supervise,action
produce,action
validate,action
reassign,action
document,action
track,action
align,action
structure,action
formulate,action
outline,action
present,action
send,action
arrange,action
facilitate,action
measure,action
conduct,action
categorize,action
compare,action
merge,action
summarize,action
restructure,action
update,action
build,action
submit,action
assign,action
review,action
manage,action
analyze,action
plan,action
design,action
improve,action
execute,action
record,action
verify,action
distribute,action
optimize,action
schedule,action
analyze,action
measure,action
upgrade,action
train,action
resolve,action
decide,decision
approve,decision
reject,decision
confirm,decision
finalize,decision
agree,decision
select,decision
prioritize,decision
postpone,decision
authorize,decision
recommend,decision
validate,decision
accept,decision
propose,decision
determine,decision
approve,decision
conclude,decision
choose,decision
decline,decision
endorse,decision
support,decision
review,decision
ratify,decision
adopt,decision
amend,decision
settle,decision
consider,decision
negotiate,decision
vote,decision
discuss,decision
evaluate,decision
finalize,decision
decide,decision
approve,decision
confirm,decision
assign,decision
analyze,decision
plan,decision
consent,decision
agree,decision
validate,decision
approve,decision
authorize,decision
adjust,decision
reconsider,decision
modify,decision
revise,decision
finalize,decision
accept,decision
approve,decision
review,decision
confirm,decision
select,decision
prioritize,decision
schedule,decision
assign,decision
recommend,decision
decide,decision
determine,decision
approve,decision
monday,day
tuesday,day
wednesday,day
thursday,day
friday,day
saturday,day
sunday,day
today,day
tomorrow,day
yesterday,day
weekend,day
weekday,day
holiday,day
workday,day
meetingday,day
midweek,day
forthcoming,day
nextweek,day
lastweek,day
thisweek,day
morning,time
afternoon,time
evening,time
night,time
noon,time
midnight,time
week,time
month,time
year,time
later,time
soon,time
early,time
now,time
immediately,time
next,time
previous,time
upcoming,time
deadline,time
duration,time
timeline,time
milestone,time
delay,time
postpone,time
extend,time
shorten,time
complete,time
start,time
end,time
ongoing,time
before,time
after,time
tonight,time
currently,time
eventually,time
promptly,time
instantly,time
shortly,time
earlymorning,time
lateevening,time
thisweek,time
nextweek,time
lastweek,time
thismonth,time
nextmonth,time
lastmonth,time
thisyear,time
nextyear,time
lastyear,time
schedule,time
due,time
quarterly,time
annually,time
frequently,time
soonest,time
moment,time
momentarily,time
presently,time
timeframe,time
hour,time
minute,time
second,time
daily,time
weekly,time
monthly,time
yearly,time
nowadays,time
tonight,time
today’s,time
tomorrow’s,time
yesterday’s,time
at9am,time
at10am,time
at11am,time
at12pm,time
at1pm,time
at2pm,time
at3pm,time
at4pm,time
at5pm,time
at6pm,time
at7pm,time
at8pm,time
at9pm,time
at10pm,time
daytime,time
lunchtime,time
dinnertime,time
eveningtime,time
weekstart,time
weekendtime,time
soonafter,time
shortafter,time
late,time
earlyhours,time
latenight,time
earlynoon,time
nextday,time
previousday,time
dayafter,time
nightbefore,time
